역번호,역사명,노선번호,노선명,역위도,역경도
1801,개봉역,I1101,경인선,37.494698,126.858504
1802,오류동역,I1101,경인선,37.4944,126.844551
1803,역곡역,I1101,경인선,37.48514,126.811622
1804,부천역,I1101,경인선,37.484066,126.782779
1805,송내역,I1101,경인선,37.487626,126.753045
1806,부평역,I1101,경인선,37.489457,126.724584
1807,백운역,I1101,경인선,37.483301,126.707179
1808,동암역,I1101,경인선,37.470835,126.703016
1809,주안역,I1101,경인선,37.465041,126.680702
1809,주안역,I1101,경인선,37.465041,126.680702
1810,제물포역,I1101,경인선,37.466809,126.657165
1811,동인천역,I1101,경인선,37.475414,126.632598
1812,인천역,I1101,경인선,37.476364,126.616936
1813,구일역,I1101,경인선,37.495973,126.869201
1815,부개역,I1101,경인선,37.488479,126.740549
1816,간석역,I1101,경인선,37.464689,126.693408
1817,도원역,I1101,경인선,37.468604,126.642824
1821,온수역,I1101,경인선,37.492267,126.823399
1822,중동역,I1101,경인선,37.486664,126.764474
1823,도화역,I1101,경인선,37.466154,126.66846
4804,소사역,I1101,경인선,37.482755,126.795654
0319,지축,I1103,3호선,37.648151,126.913751
0320,구파발,I1103,3호선,37.636612,126.918827
0321,연신내,I1103,3호선,37.619295,126.920959
0322,불광,I1103,3호선,37.610154,126.930183
0323,녹번,I1103,3호선,37.600882,126.935758
0324,홍제,I1103,3호선,37.588851,126.944092
0325,무악재,I1103,3호선,37.582658,126.950131
0326,독립문,I1103,3호선,37.574534,126.957902
0327,경복궁(정부서울청사),I1103,3호선,37.575844,126.973576
0328,안국,I1103,3호선,37.576562,126.98547
0329,종로3가,I1103,3호선,37.571537,126.991837
0330,을지로3가,I1103,3호선,37.566299,126.992616
0331,충무로,I1103,3호선,37.561382,126.994173
0332,동대입구,I1103,3호선,37.55906,127.005273
0333,약수,I1103,3호선,37.554554,127.010858
0334,금호,I1103,3호선,37.548269,127.015785
0335,옥수,I1103,3호선,37.541653,127.017303
0336,압구정,I1103,3호선,37.526169,127.028502
0337,신사,I1103,3호선,37.516438,127.020247
0338,잠원,I1103,3호선,37.512989,127.011613
0339,고속터미널,I1103,3호선,37.504953,127.004916
0340,교대(법원·검찰청),I1103,3호선,37.49306,127.013796
0341,남부터미널(예술의전당),I1103,3호선,37.48494,127.016289
0342,양재(서초구청),I1103,3호선,37.48458,127.03423
0343,매봉,I1103,3호선,37.487114,127.046907
0344,도곡,I1103,3호선,37.491129,127.055694
0345,대치,I1103,3호선,37.494601,127.063449
0346,학여울,I1103,3호선,37.496787,127.0708601
0347,대청,I1103,3호선,37.493607,127.079526
0348,일원,I1103,3호선,37.48389,127.08416
0349,수서,I1103,3호선,37.4875,127.101924
0350,가락시장,I1103,3호선,37.492318,127.1177
0351,경찰병원,I1103,3호선,37.495754,127.124198
0352,오금,I1103,3호선,37.502288,127.128344
0409,불암산,I1104,4호선,37.67009,127.079004
0410,상계,I1104,4호선,37.660576,127.073199
0411,노원,I1104,4호선,37.656274,127.063183
0412,창동,I1104,4호선,37.653315,127.048304
0413,쌍문,I1104,4호선,37.648274,127.034381
0414,수유(강북구청),I1104,4호선,37.637727,127.025371
0415,미아(서울사이버대학),I1104,4호선,37.626435,127.026151
0416,미아사거리,I1104,4호선,37.613276,127.030083
0417,길음,I1104,4호선,37.603387,127.025053
0418,성신여대입구(돈암),I1104,4호선,37.592882,127.016908
0419,한성대입구(삼선교),I1104,4호선,37.58838,127.005951
0420,혜화,I1104,4호선,37.582116,127.001929
0421,동대문,I1104,4호선,37.57099,127.00925
0422,동대문역사문화공원(DDP),I1104,4호선,37.565141,127.007808
0423,충무로,I1104,4호선,37.561352,126.994573
0424,명동,I1104,4호선,37.560955,126.986271
0425,회현(남대문시장),I1104,4호선,37.558698,126.978346
0426,서울역,I1104,4호선,37.553172,126.972706
0427,숙대입구(갈월),I1104,4호선,37.5447834,126.9721
0428,삼각지(전쟁기념관),I1104,4호선,37.534457,126.972992
0429,신용산,I1104,4호선,37.52909,126.96788
0430,이촌(국립중앙박물관),I1104,4호선,37.52919,126.9679818
0431,동작(현충원),I1104,4호선,37.503567,126.980171
0432,총신대입구(이수),I1104,4호선,37.487521,126.982309
0433,사당,I1104,4호선,37.476263,126.981636
0434,남태령,I1104,4호선,37.464339,126.989081
D004,신사,I11D1,신분당선,37.5161252633129,127.019760916726
D005,논현,I11D1,신분당선,37.5111153846379,127.021365807131
D006,신논현,I11D1,신분당선,37.504555429592,127.024530640799
D007,강남,I11D1,신분당선,37.4973854397871,127.02787893753
D008,양재(서초구청),I11D1,신분당선,37.4844535239588,127.034099452522
D009,양재시민의숲(매헌),I11D1,신분당선,37.4709638768813,127.038420263319
D010,청계산입구,I11D1,신분당선,37.4487148450701,127.054339616958
D011,판교,I11D1,신분당선,37.3957147534829,127.111210738619
D012,정자,I11D1,신분당선,37.3682101915529,127.108385905864
D013,미금,I11D1,신분당선,37.3511833209472,127.108902778591
D014,동천,I11D1,신분당선,37.3386841329961,127.102793673668
D015,수지구청,I11D1,신분당선,37.3230089609191,127.095581285703
D016,성복,I11D1,신분당선,37.3140425091456,127.080757826931
D017,상현,I11D1,신분당선,37.2986852587224,127.06957991138
D018,광교중앙(아주대),I11D1,신분당선,37.2877375194967,127.052625032841
D019,광교(경기대),I11D1,신분당선,37.3017347422146,127.044856131638
8001,부전역,I26K6,동해선,35.164668,129.06011
8002,거제해맞이역,I26K6,동해선,35.181197,129.069015
8003,거제역,I26K6,동해선,35.18958,129.074385
8004,교대역,I26K6,동해선,35.1938,129.07958
8005,동래역,I26K6,동해선,35.204714,129.0773502
8006,안락역,I26K6,동해선,35.196007,129.101062
8007,재송역,I26K6,동해선,35.188,129.120109
8008,센텀역,I26K6,동해선,35.1793,129.1245
8009,벡스코역,I26K6,동해선,35.1717,129.135958
8010,신해운대역,I26K6,동해선,35.181832,129.176696
8011,송정역,I26K6,동해선,35.187832,129.202069
8012,오시리아역,I26K6,동해선,35.196256,129.208291
8013,기장역,I26K6,동해선,35.244627,129.2188951
8014,일광역,I26K6,동해선,35.2675565,129.2330307
8015,부산원동역,I26K6,동해선,35.1938,129.113709
8016,좌천역,I26K6,동해선,35.311838,129.245197
8017,월내역,I26K6,동해선,35.328177,129.276626
8018,서생역,I26K6,동해선,35.346121,129.29304
8019,남창역,I26K6,동해선,35.419713,129.28223
8020,망양역,I26K6,동해선,35.456519,129.287856
8021,덕하역,I26K6,동해선,35.494007,129.303094
8022,개운포역,I26K6,동해선,35.507884,129.321097
8023,태화강역,I26K6,동해선,35.538669,129.353269
7001,구미역,I27K7,대경선,36.128278,128.331071
7002,사곡역,I27K7,대경선,36.098508,128.356416
7003,북삼역,I27K7,대경선,36.0560326479866,128.345278
7004,왜관역,I27K7,대경선,35.991821,128.400391
7005,서대구역,I27K7,대경선,35.881734,128.540121
7006,대구역,I27K7,대경선,35.876,128.5961
7007,동대구역,I27K7,대경선,35.879376,128.628807
7008,경산역,I27K7,대경선,35.8192,128.7276
A01,서울,I28A1,인천국제공항선,37.55301784,126.9697643
A02,공덕,I28A1,인천국제공항선,37.5427105,126.9516296
A03,홍대입구,I28A1,인천국제공항선,37.55774103,126.9264939
A04,디지털미디어시티,I28A1,인천국제공항선,37.577355,126.898025
A042,마곡나루,I28A1,인천국제공항선,37.56581914,126.8276358
A05,김포공항,I28A1,인천국제공항선,37.56211652,126.8015442
A06,계양,I28A1,인천국제공항선,37.571769,126.736319
A07,검암,I28A1,인천국제공항선,37.56915547,126.6735357
A071,청라국제도시,I28A1,인천국제공항선,37.556509,126.624725
A072,영종,I28A1,인천국제공항선,37.51209814,126.5242471
A08,운서,I28A1,인천국제공항선,37.49284463,126.4936619
A09,공항화물청사,I28A1,인천국제공항선,37.45902611,126.4774333
A10,인천공항1터미널,I28A1,인천국제공항선,37.44760672,126.4523433
A11,인천공항2터미널,I28A1,인천국제공항선,37.46866,126.433415
1755,한대앞역,I28K1,수인선,37.309985,126.853506
1756,중앙역,I28K1,수인선,37.316055,126.838532
1757,고잔역,I28K1,수인선,37.316821,126.823094
1758,초지역,I28K1,수인선,37.320583,126.806151
1759,안산역,I28K1,수인선,37.327006,126.788748
1760,능길역,I28K1,수인선,37.337488,126.767306
1761,정왕역,I28K1,수인선,37.351816,126.742844
1762,오이도역,I28K1,수인선,37.361773,126.738437
1873,고색역,I28K1,수인선,37.249829,126.9805899
1874,오목천역,I28K1,수인선,37.243011,126.9636354
1875,어천역,I28K1,수인선,37.250076,126.908805
1876,야목역,I28K1,수인선,37.261211,126.884029
1877,사리역,I28K1,수인선,37.290809,126.857172
1878,달월역,I28K1,수인선,37.379993,126.745431
1879,월곶역,I28K1,수인선,37.39189,126.742741
1880,소래포구역,I28K1,수인선,37.400963,126.733533
1881,인천논현역,I28K1,수인선,37.400641,126.722495
1882,호구포역,I28K1,수인선,37.401622,126.708682
1883,남동인더스파크역,I28K1,수인선,37.407668,126.695613
1884,원인재역,I28K1,수인선,37.412921,126.686952
1885,연수역,I28K1,수인선,37.417769,126.678991
1886,송도역,I28K1,수인선,37.429714,126.654486
1888,인하대역,I28K1,수인선,37.448191,126.649832
1889,숭의역,I28K1,수인선,37.460891,126.638035
1890,신포역,I28K1,수인선,37.468442,126.624509
1891,인천역,I28K1,수인선,37.476364,126.6174236
0124,청량리(서울시립대입구),I4101,1호선,37.580148,127.045063
0125,제기동,I4101,1호선,37.578116,127.034902
0126,신설동,I4101,1호선,37.576117,127.02471
0127,동묘앞,I4101,1호선,37.573265,127.016459
0128,동대문,I4101,1호선,37.571646,127.01069
0129,종로5가,I4101,1호선,37.570971,127.0019
0130,종로3가,I4101,1호선,37.570429,126.992095
0131,종각,I4101,1호선,37.570203,126.983116
0132,시청,I4101,1호선,37.565211,126.977207
0133,서울역,I4101,1호선,37.55585,126.972103
1002,남영역,I4101,경부선,37.540597,126.971171
1003,용산역,I4101,경부선,37.52989,126.964775
1004,노량진역,I4101,경부선,37.514072,126.941671
1005,대방역,I4101,경부선,37.513392,126.926407
1006,영등포역,I4101,경부선,37.515756,126.907411
1007,신도림역,I4101,경부선,37.508983,126.891513
1032,신길역,I4101,경부선,37.517018,126.917743
1701,구로역,I4101,경부선,37.503178,126.882037
1702,가산디지털단지역,I4101,경부선,37.481568,126.882628
1703,금천구청역,I4101,경부선,37.45576,126.894344
1704,석수역,I4101,경부선,37.435161,126.902233
1705,관악역,I4101,경부선,37.419578,126.908476
1706,안양역,I4101,경부선,37.401929,126.922647
1707,명학역,I4101,경부선,37.384435,126.935579
1708,금정역,I4101,경부선,37.371957,126.943411
1709,군포역,I4101,경부선,37.353732,126.948517
1710,의왕역,I4101,경부선,37.320648,126.948099
1711,성균관대역,I4101,경부선,37.300344,126.970861
1712,화서역,I4101,경부선,37.28399,126.989581
1713,수원역,I4101,경부선,37.266162,126.999821
1714,독산역,I4101,경부선,37.465994,126.889508
1715,세류역,I4101,경부선,37.244102,127.013772
1716,병점역,I4101,경부선,37.206821,127.033268
1717,세마역,I4101,경부선,37.187288,127.043279
1718,오산대역,I4101,경부선,37.169401,127.063081
1719,오산역,I4101,경부선,37.145472,127.066708
1720,진위역,I4101,경부선,37.109771,127.062342
1721,송탄역,I4101,경부선,37.075376,127.054397
1722,서정리역,I4101,경부선,37.056459,127.052844
1723,평택지제역,I4101,경부선,37.018822,127.070269
1724,평택역,I4101,경부선,36.990559,127.085496
1725,성환역,I4101,경부선,36.915781,127.127007
1726,직산역,I4101,경부선,36.870921,127.143774
1727,두정역,I4101,경부선,36.833791,127.148905
1729,당정역,I4101,경부선,37.34338,126.948388
1749,서동탄역,I4101,경부선,37.195675,127.051893
1750,광명역,I4101,경부선,37.415995,126.884523
1003,용산역,I4102,경원선,37.52989,126.964775
1008,이촌역,I4102,경원선,37.522476,126.973816
1009,서빙고역,I4102,경원선,37.51961,126.988358
1010,한남역,I4102,경원선,37.529361,127.008984
1011,옥수역,I4102,경원선,37.540514,127.018698
1012,응봉역,I4102,경원선,37.550433,127.034824
1013,왕십리역,I4102,경원선,37.561728,127.038405
1014,청량리역,I4102,경원선,37.580543,127.048077
1015,회기역,I4102,경원선,37.589602,127.057936
1016,외대앞역,I4102,경원선,37.596157,127.063572
1017,신이문역,I4102,경원선,37.601829,127.067347
1018,석계역,I4102,경원선,37.615206,127.065594
1019,광운대역,I4102,경원선,37.62357,127.06181
1020,월계역,I4102,경원선,37.633114,127.058835
1021,녹천역,I4102,경원선,37.644599,127.051406
1022,창동역,I4102,경원선,37.653181,127.047663
1901,방학역,I4102,경원선,37.667471,127.044295
1902,도봉역,I4102,경원선,37.679441,127.045521
1903,도봉산역,I4102,경원선,37.689603,127.046047
1904,망월사역,I4102,경원선,37.710499,127.047361
1905,회룡역,I4102,경원선,37.724037,127.047319
1906,의정부역,I4102,경원선,37.73873,127.045891
1907,가능역,I4102,경원선,37.748362,127.044251
1908,녹양역,I4102,경원선,37.759416,127.042272
1909,양주역,I4102,경원선,37.774281,127.044719
1910,덕계역,I4102,경원선,37.818761,127.056676
1911,덕정역,I4102,경원선,37.843216,127.061511
1912,지행역,I4102,경원선,37.892361,127.055734
1913,동두천중앙역,I4102,경원선,37.901818,127.056528
1914,보산역,I4102,경원선,37.914268,127.057134
1915,동두천역,I4102,경원선,37.927569,127.054825
1916,소요산역,I4102,경원선,37.948608,127.061007
1917,청산역,I4102,경원선,37.995138,127.074097
1918,전곡역,I4102,경원선,38.024041,127.071913
1919,연천역,I4102,경원선,38.100485,127.07368
1450,선바위역,I4103,안산과천선,37.451854,127.002164
1451,경마공원역,I4103,안산과천선,37.443987,127.007899
1452,대공원역,I4103,안산과천선,37.435724,127.006474
1453,과천역,I4103,안산과천선,37.432805,126.996404
1454,정부과천청사역,I4103,안산과천선,37.426445,126.989802
1455,인덕원역,I4103,안산과천선,37.401901,126.976718
1456,평촌역,I4103,안산과천선,37.394346,126.963881
1457,범계역,I4103,안산과천선,37.389783,126.950752
1708,금정역,I4103,안산과천선,37.371957,126.943611
1751,산본역,I4103,안산과천선,37.358019,126.932969
1752,대야미역,I4103,안산과천선,37.328304,126.917161
1753,반월역,I4103,안산과천선,37.312244,126.903684
1754,상록수역,I4103,안산과천선,37.302845,126.866533
1755,한대앞역,I4103,안산과천선,37.309685,126.853656
1756,중앙역,I4103,안산과천선,37.316055,126.838532
1757,고잔역,I4103,안산과천선,37.316821,126.823094
1758,초지역,I4103,안산과천선,37.320583,126.806151
1759,안산역,I4103,안산과천선,37.327006,126.788748
1760,능길역,I4103,안산과천선,37.337488,126.767306
1761,정왕역,I4103,안산과천선,37.351816,126.742844
1762,오이도역,I4103,안산과천선,37.361773,126.738437
1763,수리산역,I4103,안산과천선,37.350297,126.925537
0405,진접역,I4104,진접선,37.720472,127.203167
0406,오남역,I4104,진접선,37.7054056,127.191644
0408,별내별가람역,I4104,진접선,37.667833,127.116167
1013,왕십리역,I4105,분당선,37.5610128,127.038705
1023,선릉역,I4105,분당선,37.504479,127.048941
1024,한티역,I4105,분당선,37.496208,127.052883
1025,도곡역,I4105,분당선,37.490914,127.055393
1026,구룡역,I4105,분당선,37.486985,127.059496
1027,개포동역,I4105,분당선,37.489112,127.066027
1028,대모산입구역,I4105,분당선,37.491347,127.072702
1030,수서역,I4105,분당선,37.487633,127.101118
1031,복정역,I4105,분당선,37.469753,127.126627
1846,수원역(분당),I4105,분당선,37.266162,127.000082
1847,서울숲역,I4105,분당선,37.543647,127.044686
1848,압구정로데오역,I4105,분당선,37.527385,127.040555
1849,강남구청역,I4105,분당선,37.516572,127.041575
1850,선정릉역,I4105,분당선,37.510775,127.043717
1851,가천대역,I4105,분당선,37.448784,127.126677
1852,태평역,I4105,분당선,37.439842,127.127746
1853,모란역,I4105,분당선,37.432124,127.129064
1854,야탑역,I4105,분당선,37.41132,127.128661
1855,서현역,I4105,분당선,37.384931,127.123249
1856,수내역,I4105,분당선,37.378435,127.114216
1857,정자역,I4105,분당선,37.366037,127.108091
1858,미금역,I4105,분당선,37.350078,127.108952
1859,오리역,I4105,분당선,37.339832,127.108985
1860,이매역,I4105,분당선,37.395846,127.128272
1861,보정역,I4105,분당선,37.31274,127.108219
1862,죽전역,I4105,분당선,37.324575,127.107385
1863,구성역,I4105,분당선,37.299013,127.105664
1864,신갈역,I4105,분당선,37.286127,127.111311
1865,기흥역,I4105,분당선,37.275657,127.115944
1866,상갈역,I4105,분당선,37.261797,127.108718
1867,청명역,I4105,분당선,37.259485,127.078945
1868,영통역,I4105,분당선,37.251521,127.071341
1869,망포역,I4105,분당선,37.245793,127.057367
1870,매탄권선역,I4105,분당선,37.252458,127.040824
1871,수원시청역,I4105,분당선,37.261941,127.030736
1872,매교역,I4105,분당선,37.265502,127.015657
1948,원흥역,I4106,일산선,37.650709,126.873239
1949,지축역,I4106,일산선,37.648114,126.913746
1950,삼송역,I4106,일산선,37.653096,126.895559
1951,원당역,I4106,일산선,37.653103,126.842891
1952,화정역,I4106,일산선,37.634708,126.832503
1953,대곡역,I4106,일산선,37.631629,126.811025
1954,백석역,I4106,일산선,37.642973,126.788109
1955,마두역,I4106,일산선,37.652185,126.777641
1956,정발산역,I4106,일산선,37.659709,126.773254
1957,주엽역,I4106,일산선,37.670138,126.761232
1958,대화역,I4106,일산선,37.675883,126.747756
1014,청량리역,I4108,경의중앙선,37.580043,127.047588
1015,회기역,I4108,경의중앙선,37.589802,127.057936
1019,광운대역,I4108,경의중앙선,37.6239,127.062
1019,광운대역,I4108,경춘선,37.623635,127.061975
1201,중랑역,I4108,경의중앙선,37.594948,127.076152
1201,중랑역,I4108,경춘선,37.594948,127.076152
1202,상봉역,I4108,경의중앙선,37.596754,127.085553
1202,상봉역,I4108,경춘선,37.595254,127.085853
1203,망우역,I4108,경의중앙선,37.599288,127.092318
1204,양원역,I4108,경의중앙선,36.963729,129.091321
1205,구리역,I4108,경의중앙선,37.60326,127.143373
1206,도농역,I4108,경의중앙선,37.608756,127.161105
1207,양정역,I4108,경의중앙선,37.604269,127.194602
1208,덕소역,I4108,경의중앙선,37.586892,127.208835
1209,도심역,I4108,경의중앙선,37.579628,127.222798
1210,팔당역,I4108,경의중앙선,37.547321,127.243896
1211,운길산역,I4108,경의중앙선,37.554659,127.310089
1212,양수역,I4108,경의중앙선,37.545998,127.328948
1213,신원역,I4108,경의중앙선,37.525921,127.372745
1214,국수역,I4108,경의중앙선,37.516171,127.399402
1215,아신역,I4108,경의중앙선,37.513954,127.443238
1216,오빈역,I4108,경의중앙선,37.506061,127.474053
1217,양평역,I4108,경의중앙선,37.492674,127.491858
1218,원덕역,I4108,경의중앙선,37.468585,127.547468
1219,용문역,I4108,경의중앙선,37.482085,127.594251
1220,지평역,I4108,경의중앙선,37.476496,127.629681
1251,서울역(경의선),I4108,경의중앙선,37.556713,126.97138700000001
1252,신촌역,I4108,경의중앙선,37.559768,126.942308
1261,효창공원앞역,I4108,경의중앙선,37.538789,126.962339
1262,공덕역,I4108,경의중앙선,37.542711,126.952134
1263,서강대역,I4108,경의중앙선,37.552132,126.935389
1264,홍대입구역,I4108,경의중앙선,37.55758,126.926833
1265,가좌역,I4108,경의중앙선,37.568611,126.914841
1266,디지털미디어시티역,I4108,경의중앙선,37.577964,126.900421
1267,수색역,I4108,경의중앙선,37.580855,126.895681
1268,한국항공대,I4108,경의중앙선,37.603102,126.868291
1269,강매역,I4108,경의중앙선,37.612396,126.844537
1270,행신역,I4108,경의중앙선,37.612125,126.834063
1271,능곡역,I4108,경의중앙선,37.618741,126.82089
1272,곡산역,I4108,경의중앙선,37.645729,126.801877
1273,백마역,I4108,경의중앙선,37.658346,126.794401
1274,풍산역,I4108,경의중앙선,37.672173,126.786355
1275,일산역,I4108,경의중앙선,37.682231,126.769521
1276,탄현역,I4108,경의중앙선,37.694114,126.761075
1277,야당역,I4108,경의중앙선,37.712749,126.761535
1278,운정역,I4108,경의중앙선,37.725441000000004,126.767076
1279,금릉역,I4108,경의중앙선,37.751295,126.765401
1280,금촌역,I4108,경의중앙선,37.766106,126.774515
1282,월롱역,I4108,경의중앙선,37.796201,126.792574
1283,파주역,I4108,경의중앙선,37.815391,126.792426
1284,문산역,I4108,경의중앙선,37.854565,126.787531
1285,임진강역,I4108,경의중앙선,37.888364,126.746777
1286,운천역,I4108,경의중앙선,37.880008,126.769713
1953,대곡역,I4108,경의중앙선,37.631629,126.810225
1203,망우역,I41K2,경춘선,37.599988,127.092031
1311,신내역,I41K2,경춘선,37.612855,127.103277
1312,갈매역,I41K2,경춘선,37.634135,127.114803
1313,별내역,I41K2,경춘선,37.642221,127.127208
1314,퇴계원역,I41K2,경춘선,37.648316,127.143858
1315,사릉역,I41K2,경춘선,37.651145,127.176839
1316,금곡역,I41K2,경춘선,37.637414,127.207931
1317,평내호평역,I41K2,경춘선,37.653229,127.244452
1318,천마산역,I41K2,경춘선,37.658995,127.285731
1319,마석역,I41K2,경춘선,37.652328,127.311713
1320,대성리역,I41K2,경춘선,37.683909,127.379165
1321,청평역,I41K2,경춘선,37.735484,127.426541
1322,상천역,I41K2,경춘선,37.770305,127.4542
1323,가평역,I41K2,경춘선,37.814515,127.510693
1324,굴봉산역,I41K2,경춘선,37.832086,127.557732
1325,백양리역,I41K2,경춘선,37.830881,127.589085
1326,강촌역,I41K2,경춘선,37.805728,127.634054
1327,김유정역,I41K2,경춘선,37.818475,127.714302
1328,남춘천역,I41K2,경춘선,37.864071,127.723761
1329,춘천역,I41K2,경춘선,37.884391,127.716603
1501,판교역,I41K5,경강선,37.394798,127.111135
1502,이매역,I41K5,경강선,37.394736,127.127048
1503,삼동역,I41K5,경강선,37.408731,127.203447
1504,경기광주역,I41K5,경강선,37.398974,127.253201
1505,초월역,I41K5,경강선,37.373389,127.299996
1506,곤지암역,I41K5,경강선,37.350525,127.346186
1507,신둔도예촌역,I41K5,경강선,37.315499,127.405251
1508,이천역,I41K5,경강선,37.264222,127.442135
1509,부발역,I41K5,경강선,37.260411,127.490303
1510,세종대왕릉역,I41K5,경강선,37.293636,127.570764
1511,여주역,I41K5,경강선,37.282881,127.628571
1512,성남역,I41K5,경강선,37.394709,127.11949
1271,능곡역,I41WS,서해선,37.618741,126.8206
1272,곡산역,I41WS,서해선,37.645729,126.801877
1273,백마역,I41WS,서해선,37.658346,126.794401
1274,풍산역,I41WS,서해선,37.672173,126.786355
1275,일산역,I41WS,서해선,37.682231,126.769521
1953,대곡역,I41WS,서해선,37.631629,126.809802
1980,김포공항역,I41WS,서해선,37.5621179,126.804056
1981,원종역,I41WS,서해선,37.5240628,126.8048386
1982,부천종합운동장역,I41WS,서해선,37.505852,126.797498
4804,소사역,I41WS,서해선,37.482755,126.7950654
4805,소새울역,I41WS,서해선,37.4685046,126.797228
4806,시흥대야역,I41WS,서해선,37.4504787,126.793142
4807,신천역,I41WS,서해선,37.4391147,126.786835
4808,신현역,I41WS,서해선,37.4091399,126.78788
4809,시흥시청역,I41WS,서해선,37.3814109,126.805946
4810,시흥능곡역,I41WS,서해선,37.3699903,126.808594
4811,달미역,I41WS,서해선,37.3490003,126.809318
4812,선부역,I41WS,서해선,37.33459,126.81
4813,초지역,I41WS,서해선,37.320083,126.808051
4814,시우역,I41WS,서해선,37.3130967,126.795503
4815,원시역,I41WS,서해선,37.302654,126.7867897
1401,봉명역,I4401,장항선,36.801578,127.136319
1402,쌍용(나사렛대)역,I4401,장항선,36.793745,127.121363
1403,아산역,I4401,장항선,36.792195,127.104384
1404,탕정역,I4401,장항선,36.788272,127.084446
1405,배방역,I4401,장항선,36.777541,127.052751
1407,온양온천역,I4401,장항선,36.780419,127.003707
1408,신창(순천향대)역,I4401,장항선,36.769213,126.950129
1728,천안역,I4401,경부선,36.810238,127.146417
S401,샛강,L11SL,수도권 경량도시철도 신림선,37.517219937,126.929403964
S402,대방,L11SL,수도권 경량도시철도 신림선,37.512840166,126.925316781
S403,서울지방병무청,L11SL,수도권 경량도시철도 신림선,37.50604687,126.922783404
S404,보라매,L11SL,수도권 경량도시철도 신림선,37.500312709,126.920485864
S405,보라매공원,L11SL,수도권 경량도시철도 신림선,37.495225405,126.918258811
S406,보라매병원,L11SL,수도권 경량도시철도 신림선,37.4929607,126.923886
S407,당곡,L11SL,수도권 경량도시철도 신림선,37.490039105,126.927568759
S408,신림,L11SL,수도권 경량도시철도 신림선,37.484890755,126.92960992
S409,서원,L11SL,수도권 경량도시철도 신림선,37.47827336,126.933228219
S410,서울대벤처타운,L11SL,수도권 경량도시철도 신림선,37.47204068,126.933976556
S411,관악산,L11SL,수도권 경량도시철도 신림선,37.46916896,126.944954837
S110,북한산우이,L11UI,우이신설선,37.66284,127.01272
S111,솔밭공원,L11UI,우이신설선,37.65607,127.01326
S112,4.19민주묘지,L11UI,우이신설선,37.64954,127.01371
S113,가오리,L11UI,우이신설선,37.64162,127.01681
S114,화계,L11UI,우이신설선,37.63428,127.0175
S115,삼양,L11UI,우이신설선,37.62706,127.01817
S116,삼양사거리,L11UI,우이신설선,37.62144,127.02049
S117,솔샘,L11UI,우이신설선,37.62037,127.01357
S118,북한산보국문,L11UI,우이신설선,37.61233,127.00816
S119,정릉,L11UI,우이신설선,37.60278,127.01345
S120,성신여대입구,L11UI,우이신설선,37.59247,127.01656
S121,보문,L11UI,우이신설선,37.58551,127.01939
S122,신설동,L11UI,우이신설선,37.57659,127.023221
0401,미남,L2604,부산 경량도시철도 4호선,35.20643,129.06868
0402,동래,L2604,부산 경량도시철도 4호선,35.20466,129.07741
0403,수안,L2604,부산 경량도시철도 4호선,35.20183,129.08378
0404,낙민,L2604,부산 경량도시철도 4호선,35.20025,129.09078
0405,충렬사,L2604,부산 경량도시철도 4호선,35.19986,129.09764
0406,명장,L2604,부산 경량도시철도 4호선,35.20503,129.10161
0407,서동,L2604,부산 경량도시철도 4호선,35.21331,129.10769
0408,금사,L2604,부산 경량도시철도 4호선,35.21583,129.11517
0409,반여농산물시장,L2604,부산 경량도시철도 4호선,35.21778,129.12397
0410,석대,L2604,부산 경량도시철도 4호선,35.21825,129.13717
0411,영산대,L2604,부산 경량도시철도 4호선,35.22578,129.14617
0412,윗반송,L2604,부산 경량도시철도 4호선,35.2325,129.15403
0413,고촌,L2604,부산 경량도시철도 4호선,35.23603,129.1605
0414,안평,L2604,부산 경량도시철도 4호선,35.23733,129.17183
Y110,기흥(백남준아트센터),L41E1,에버라인,37.27545288,127.1170465
Y111,강남대,L41E1,에버라인,37.27017073,127.1260669
Y112,지석,L41E1,에버라인,37.26973732,127.1363256
Y113,어정,L41E1,에버라인,37.27495132,127.1437499
Y114,동백(용인세브란스),L41E1,에버라인,37.26910138,127.1526906
Y115,초당,L41E1,에버라인,37.26080647,127.1594692
Y116,삼가,L41E1,에버라인,37.24205993,127.16818
Y117,시청·용인대,L41E1,에버라인,37.23944203,127.1788851
Y118,명지대,L41E1,에버라인,37.23807629,127.1902913
Y119,김량장,L41E1,에버라인,37.23732377,127.1986109
Y120,용인중앙시장(용인예술과학대),L41E1,에버라인,37.2379113,127.2090526
Y121,고진,L41E1,에버라인,37.24463834,127.2141836
Y122,보평,L41E1,에버라인,37.25896427,127.2184808
Y123,둔전,L41E1,에버라인,37.26721222,127.2136387
Y124,전대·에버랜드,L41E1,에버라인,37.28541327,127.219509
G100,양촌역,L41G1,김포도시철도,37.641639,126.614694
G101,구래역,L41G1,김포도시철도,37.645354,126.6285
G102,마산역,L41G1,김포도시철도,37.640606,126.643944
G103,장기역,L41G1,김포도시철도,37.644028,126.669
G104,운양역,L41G1,김포도시철도,37.653861,126.683833
G105,걸포북변역,L41G1,김포도시철도,37.631639,126.70575
G106,사우역,L41G1,김포도시철도,37.620361,126.719722
G107,풍무역,L41G1,김포도시철도,37.612333,126.732583
G108,고촌역,L41G1,김포도시철도,37.60125,126.770361
G109,김포공항역,L41G1,김포도시철도,37.562309,126.801833
U110,발곡,L41U1,의정부,37.726983,127.052889
U111,회룡,L41U1,의정부,37.72505255,127.0467864
U112,범골,L41U1,의정부,37.7287279,127.0437202
U113,경전철의정부,L41U1,의정부,37.73729974,127.043321
U114,의정부시청,L41U1,의정부,37.73924874,127.034854
U115,흥선,L41U1,의정부,37.74322487,127.0371765
U117,의정부중앙,L41U1,의정부,37.74371903,127.0496332
U118,동오,L41U1,의정부,37.74519123,127.05703
U119,새말,L41U1,의정부,37.74889941,127.063869
U120,경기도청북부청사,L41U1,의정부,37.75073213,127.0714795
U121,효자,L41U1,의정부,37.75398452,127.0773155
U122,곤제,L41U1,의정부,37.75054343,127.0838651
U123,어룡,L41U1,의정부,37.74272184,127.0852045
U124,송산,L41U1,의정부,37.7371698,127.0872755
U125,탑석,L41U1,의정부,37.73355362,127.0889064
0001,사상,L48B1,부산김해경전철,35.1623018,128.9859408
0002,괘법르네시떼,L48B1,부산김해경전철,35.1632616,128.9776836
0003,서부산유통지구,L48B1,부산김해경전철,35.16640204,128.9548881
0004,공항,L48B1,부산김해경전철,35.171906,128.948586
0005,덕두,L48B1,부산김해경전철,35.182001,128.954198
0006,등구,L48B1,부산김해경전철,35.196143,128.963599
0007,대저,L48B1,부산김해경전철,35.213066,128.960562
0008,평강,L48B1,부산김해경전철,35.214105,128.950825
0009,대사,L48B1,부산김해경전철,35.217657,128.938417
0010,불암,L48B1,부산김해경전철,35.222162,128.927893
0011,지내,L48B1,부산김해경전철,35.2275,128.923721
0012,김해대학,L48B1,부산김해경전철,35.22899,128.915612
0013,인제대,L48B1,부산김해경전철,35.228099,128.901736
0014,김해시청,L48B1,부산김해경전철,35.227103,128.89041
0015,부원,L48B1,부산김해경전철,35.22646624,128.8838997
0016,봉황,L48B1,부산김해경전철,35.22726757,128.8743069
0017,수로왕릉,L48B1,부산김해경전철,35.2328215,128.8721409
0018,박물관,L48B1,부산김해경전철,35.24006467,128.8718628
0019,연지공원,L48B1,부산김해경전철,35.24965763,128.8692908
0020,장신대,L48B1,부산김해경전철,35.25955642,128.8671142
0021,가야대,L48B1,부산김해경전철,35.26672721,128.8650703
0201,시청,S1102,2호선,37.563534,126.975271
0202,을지로입구,S1102,2호선,37.565998,126.982569
0203,을지로3가,S1102,2호선,37.566292,126.990873
0204,을지로4가,S1102,2호선,37.566611,126.997622
0205,동대문역사문화공원(DDP),S1102,2호선,37.565609,127.009083
0206,신당,S1102,2호선,37.565675,127.0194259
0207,상왕십리,S1102,2호선,37.564444,127.029322
0208,왕십리(성동구청),S1102,2호선,37.561289,127.0370615
0209,한양대,S1102,2호선,37.555758,127.0436594
0210,뚝섬,S1102,2호선,37.54718,127.047413
0211,성수,S1102,2호선,37.544628,127.055983
0212,건대입구,S1102,2호선,37.540408,127.069231
0213,구의(광진구청),S1102,2호선,37.537157,127.0862124
0214,강변(동서울터미널),S1102,2호선,37.535161,127.094684
0215,잠실나루,S1102,2호선,37.520688,127.103836
0216,잠실(송파구청),S1102,2호선,37.513305,127.100129
0217,잠실새내,S1102,2호선,37.511653,127.086224
0218,종합운동장,S1102,2호선,37.511128,127.073841
0219,삼성(무역센터),S1102,2호선,37.508827,127.063203
0220,선릉,S1102,2호선,37.504257,127.048174
0221,역삼,S1102,2호선,37.500658,127.03643
0222,강남,S1102,2호선,37.49805,127.02795
0223,교대(법원·검찰청),S1102,2호선,37.493957,127.014431
0224,서초,S1102,2호선,37.49191,127.007685
0225,방배,S1102,2호선,37.481469,126.997627
0226,사당,S1102,2호선,37.476536,126.981631
0227,낙성대(강감찬),S1102,2호선,37.47713,126.963583
0228,서울대입구(관악구청),S1102,2호선,37.481233,126.952745
0229,봉천,S1102,2호선,37.482416,126.941696
0230,신림,S1102,2호선,37.484216,126.929573
0231,신대방,S1102,2호선,37.487604,126.913479
0232,구로디지털단지,S1102,2호선,37.4852931,126.901456
0233,대림(구로구청),S1102,2호선,37.4932826,126.8949793
0234,신도림,S1102,2호선,37.508815,126.891222
0235,문래,S1102,2호선,37.517993,126.894766
0236,영등포구청,S1102,2호선,37.525766,126.896627
0237,당산,S1102,2호선,37.534807,126.902611
0238,합정,S1102,2호선,37.550025,126.914557
0239,홍대입구,S1102,2호선,37.556748,126.923643
0240,신촌(지하),S1102,2호선,37.555153,126.93689
0241,이대,S1102,2호선,37.556734,126.945897
0242,아현,S1102,2호선,37.557407,126.956079
0243,충정로(경기대입구),S1102,2호선,37.559742,126.964455
0510,방화,S1105,5호선,37.577669,126.812822
0511,개화산,S1105,5호선,37.572458,126.806838
0512,김포공항,S1105,5호선,37.56217,126.801273
0513,송정,S1105,5호선,37.561201,126.812052
0514,마곡,S1105,5호선,37.55865,126.837693
0515,발산,S1105,5호선,37.558692,126.837633
0516,우장산,S1105,5호선,37.548864,126.83633
0517,화곡,S1105,5호선,37.541585,126.840436
0518,까치산,S1105,5호선,37.5322,126.84645
0519,신정(은행정),S1105,5호선,37.525001,126.856176
0520,목동,S1105,5호선,37.526088,126.864296
0521,오목교(목동운동장앞),S1105,5호선,37.524557,126.875049
0522,양평,S1105,5호선,37.525614,126.886177
0523,영등포구청,S1105,5호선,37.524209,126.895022
0524,영등포시장,S1105,5호선,37.52276,126.905143
0525,신길,S1105,5호선,37.51763,126.914886
0526,여의도,S1105,5호선,37.521678,126.924318
0527,여의나루,S1105,5호선,37.527045,126.932807
0528,마포,S1105,5호선,37.539718,126.946043
0529,공덕,S1105,5호선,37.544005,126.951058
0530,애오개,S1105,5호선,37.553592,126.956733
0531,충정로(경기대입구),S1105,5호선,37.560061,126.962783
0532,서대문,S1105,5호선,37.565812,126.966639
0533,광화문(세종문화회관),S1105,5호선,37.571645,126.976568
0534,종로3가(탑골공원),S1105,5호선,37.572546,126.990447
0535,을지로4가,S1105,5호선,37.56728,126.998127
0536,동대문역사문화공원(DDP),S1105,5호선,37.564682,127.00533
0537,청구,S1105,5호선,37.560237,127.01379
0538,신금호,S1105,5호선,37.554504,127.020403
0539,행당,S1105,5호선,37.557297,127.029482
0540,왕십리(성동구청),S1105,5호선,37.56197,127.037264
0541,마장,S1105,5호선,37.566066,127.042921
0542,답십리,S1105,5호선,37.566833,127.05266
0543,장한평,S1105,5호선,37.561438,127.064601
0544,군자(능동),S1105,5호선,37.557102,127.079559
0545,아차산(어린이대공원후문),S1105,5호선,37.552005,127.089609
0546,광나루(장신대),S1105,5호선,37.545301,127.103478
0547,천호(풍납토성),S1105,5호선,37.538566,127.123539
0548,강동,S1105,5호선,37.53581,127.13249
0549,길동,S1105,5호선,37.538022,127.140085
0550,굽은다리(강동구민회관앞),S1105,5호선,37.545442,127.142844
0551,명일,S1105,5호선,37.551317,127.144002
0552,고덕,S1105,5호선,37.555002,127.154214
0553,상일동,S1105,5호선,37.556714,127.166381
0554,강일,S1105,5호선,37.557521,127.176018
0555,미사,S1105,5호선,37.56309,127.192954
0556,하남풍산,S1105,5호선,37.552201,127.203897
0557,하남시청(덕풍∙신장),S1105,5호선,37.541723,127.206901
0558,하남검단산,S1105,5호선,37.539729,127.223427
P549,둔촌동,S1105,5호선,37.527787,127.136219
P550,올림픽공원(한국체대),S1105,5호선,37.516217,127.130957
P551,방이,S1105,5호선,37.508752,127.126054
P552,오금,S1105,5호선,37.502228,127.127701
P553,개롱,S1105,5호선,37.498097,127.134817
P554,거여,S1105,5호선,37.493208,127.143983
P555,마천,S1105,5호선,37.494972,127.152784
0610,응암,S1106,6호선,37.59859,126.915583
0611,역촌,S1106,6호선,37.60605,126.922764
0612,불광,S1106,6호선,37.610919,126.929504
0613,독바위,S1106,6호선,37.618413,126.933035
0614,연신내,S1106,6호선,37.618483,126.920403
0615,구산,S1106,6호선,37.611196,126.9172519
0616,새절(신사),S1106,6호선,37.591148,126.913613
0617,증산(명지대앞),S1106,6호선,37.583989,126.909785
0618,디지털미디어시티,S1106,6호선,37.5760805,126.901343
0619,월드컵경기장(성산),S1106,6호선,37.569439,126.899077
0620,마포구청,S1106,6호선,37.563529,126.903356
0621,망원,S1106,6호선,37.556031,126.910129
0622,합정,S1106,6호선,37.549033,126.913546
0623,상수,S1106,6호선,37.547704,126.92292
0624,광흥창(서강),S1106,6호선,37.547464,126.931971
0625,대흥(서강대앞),S1106,6호선,37.547732,126.942214
0626,공덕,S1106,6호선,37.543592,126.951664
0627,효창공원앞,S1106,6호선,37.539279,126.961348
0628,삼각지(전쟁기념관),S1106,6호선,37.535563,126.973996
0629,녹사평(용산구청),S1106,6호선,37.53469,126.98665
0630,이태원,S1106,6호선,37.534485,126.994369
0631,한강진,S1106,6호선,37.53956,127.001729
0632,버티고개,S1106,6호선,37.547933,127.006948
0633,약수,S1106,6호선,37.554087,127.010237
0634,청구,S1106,6호선,37.560221,127.013776
0635,신당,S1106,6호선,37.566174,127.016158
0636,동묘앞,S1106,6호선,37.572275,127.015666
0637,창신,S1106,6호선,37.579772,127.015246
0638,보문,S1106,6호선,37.585426,127.019722
0639,안암(고대병원앞),S1106,6호선,37.586261,127.02903
0640,고려대(종암),S1106,6호선,37.59034,127.03626
0641,월곡(동덕여대),S1106,6호선,37.60192,127.041492
0642,상월곡(한국과학기술연구원),S1106,6호선,37.606392,127.048509
0643,돌곶이,S1106,6호선,37.610522,127.056419
0644,석계,S1106,6호선,37.614937,127.065922
0645,태릉입구,S1106,6호선,37.617319,127.074741
0646,화랑대(서울여대입구),S1106,6호선,37.619875,127.084106
0647,봉화산(서울의료원),S1106,6호선,37.617429,127.0912326
0648,신내,S1106,6호선,37.612571,127.104326
0709,장암,S1107,7호선,37.70015,127.053126
0710,도봉산,S1107,7호선,37.689131,127.046548
0711,수락산,S1107,7호선,37.677804,127.055314
0712,마들,S1107,7호선,37.664985,127.057701
0713,노원,S1107,7호선,37.654478,127.060555
0714,중계,S1107,7호선,37.645052,127.064084
0715,하계,S1107,7호선,37.636363,127.067999
0716,공릉(서울과학기술대),S1107,7호선,37.625642,127.072969
0717,태릉입구,S1107,7호선,37.618519,127.075361
0718,먹골,S1107,7호선,37.610638,127.077719
0719,중화,S1107,7호선,37.602604,127.079254
0720,상봉,S1107,7호선,37.595673,127.085708
0721,면목,S1107,7호선,37.588671,127.087503
0722,사가정,S1107,7호선,37.580912,127.088502
0723,용마산(용마폭포공원),S1107,7호선,37.573752,127.086802
0724,중곡,S1107,7호선,37.565877,127.084291
0725,군자(능동),S1107,7호선,37.557151,127.079484
0726,어린이대공원(세종대),S1107,7호선,37.547962,127.07465
0727,건대입구,S1107,7호선,37.540882,127.071103
0728,자양(뚝섬한강공원),S1107,7호선,37.531558,127.066714
0729,청담,S1107,7호선,37.519097,127.051851
0730,강남구청,S1107,7호선,37.517185,127.04122
0731,학동,S1107,7호선,37.514262,127.031738
0732,논현,S1107,7호선,37.511108,127.021385
0733,반포,S1107,7호선,37.508171,127.011717
0734,고속터미널,S1107,7호선,37.503387,127.005055
0735,내방,S1107,7호선,37.48764,126.993541
0736,이수,S1107,7호선,37.485258,126.981766
0736,총신대입구(이수),S1107,7호선,37.485258,126.981766
0737,남성,S1107,7호선,37.484688,126.971108
0738,숭실대입구(살피재),S1107,7호선,37.496258,126.953649
0739,상도,S1107,7호선,37.50279,126.947949
0740,장승배기,S1107,7호선,37.504845,126.939025
0741,신대방삼거리,S1107,7호선,37.499717,126.928218
0742,보라매,S1107,7호선,37.499916,126.920112
0743,신풍,S1107,7호선,37.500107,126.909806
0744,대림(구로구청),S1107,7호선,37.492984,126.896997
0745,남구로,S1107,7호선,37.486181,126.887372
0746,가산디지털단지,S1107,7호선,37.480376,126.882704
0747,철산,S1107,7호선,37.47616,126.868217
0748,광명사거리,S1107,7호선,37.47927,126.854854
0749,천왕,S1107,7호선,37.486699,126.838684
0750,온수(성공회대입구),S1107,7호선,37.492059,126.823294
3753,까치울,S1107,도시철도 7호선,37.506236,126.81095
3754,부천종합운동장,S1107,도시철도 7호선,37.505381,126.79735
3755,춘의,S1107,도시철도 7호선,37.50365,126.787069
3756,신중동,S1107,도시철도 7호선,37.503081,126.776161
3757,부천시청,S1107,도시철도 7호선,37.504611,126.763561
3758,상동,S1107,도시철도 7호선,37.505769,126.753081
3759,삼산체육관,S1107,도시철도 7호선,37.506431,126.742081
3760,굴포천,S1107,도시철도 7호선,37.50695,126.731481
3761,부평구청,S1107,도시철도 7호선,37.507523,126.721356
3762,산곡,S1107,도시철도 7호선,37.508547,126.70351
3763,석남(거북시장),S1107,도시철도 7호선,37.506208,126.676213
0809,암사역사공원,S1108,8호선,37.557167,127.137556
0810,암사,S1108,8호선,37.550127,127.127521
0811,천호(풍납토성),S1108,8호선,37.53792,127.123179
0812,강동구청,S1108,8호선,37.530348,127.120461
0813,몽촌토성(평화의문),S1108,8호선,37.517692,127.11274
0814,잠실(송파구청),S1108,8호선,37.514649,127.104267
0815,석촌,S1108,8호선,37.505396,127.106995
0816,송파,S1108,8호선,37.49978,127.11212
0817,가락시장,S1108,8호선,37.493004,127.118279
0818,문정,S1108,8호선,37.485931,127.122473
0819,장지,S1108,8호선,37.478609,127.126229
0820,복정,S1108,8호선,37.471016,127.126746
0821,남위례,S1108,8호선,37.462839,127.139047
0822,산성,S1108,8호선,37.456886,127.149927
0823,남한산성입구(성남법원·검찰청),S1108,8호선,37.451568,127.159845
0824,단대오거리,S1108,8호선,37.445057,127.156735
0825,신흥,S1108,8호선,37.440952,127.14759
0826,수진,S1108,8호선,37.437575,127.140936
0827,모란,S1108,8호선,37.433988,127.129921
806,동구릉,S1108,8호선,37.610556,127.135056
807,구리(구리전통시장),S1108,8호선,37.60256,127.14073
808,장자호수공원,S1108,8호선,37.587222,127.13793
4101,개화,S1109,서울 도시철도 9호선,37.578591,126.797833
4102,김포공항,S1109,서울 도시철도 9호선,37.562056,126.801633
4103,공항시장,S1109,서울 도시철도 9호선,37.563726,126.810678
4104,신방화,S1109,서울 도시철도 9호선,37.5675,126.816667
4105,마곡나루(서울식물원),S1109,서울 도시철도 9호선,37.566717,126.8276071
4106,양천향교,S1109,서울 도시철도 9호선,37.568333,126.841389
4107,가양,S1109,서울 도시철도 9호선,37.561111,126.855078
4108,증미,S1109,서울 도시철도 9호선,37.55785,126.861067
4109,등촌,S1109,서울 도시철도 9호선,37.551111,126.864722
4110,염창,S1109,서울 도시철도 9호선,37.546944,126.874722
4111,신목동,S1109,서울 도시철도 9호선,37.544167,126.883056
4112,선유도,S1109,서울 도시철도 9호선,37.537778,126.893889
4113,당산,S1109,서울 도시철도 9호선,37.533844,126.902222
4114,국회의사당,S1109,서울 도시철도 9호선,37.528105,126.917874
4115,여의도,S1109,서울 도시철도 9호선,37.521744,126.924167
4116,샛강,S1109,서울 도시철도 9호선,37.5173,126.9284
4117,노량진,S1109,서울 도시철도 9호선,37.513667,126.940917
4118,노들,S1109,서울 도시철도 9호선,37.512726,126.953096
4119,흑석(중앙대입구),S1109,서울 도시철도 9호선,37.508889,126.963611
4120,동작(현충원),S1109,서울 도시철도 9호선,37.502878,126.978278
4121,구반포,S1109,서울 도시철도 9호선,37.501389,126.987222
4122,신반포,S1109,서울 도시철도 9호선,37.5035033,126.996044
4123,고속터미널,S1109,서울 도시철도 9호선,37.505933,127.004044
4124,사평,S1109,서울 도시철도 9호선,37.504161,127.015219
4125,신논현,S1109,서울 도시철도 9호선,37.504444,127.024417
4126,언주,S1109,수도권  도시철도 9호선,37.507287,127.033868
4127,선정릉,S1109,수도권  도시철도 9호선,37.51028,127.0437593
4128,삼성중앙,S1109,수도권  도시철도 9호선,37.513011,127.053282
4129,봉은사,S1109,수도권  도시철도 9호선,37.514219,127.060245
4130,종합운동장,S1109,수도권  도시철도 9호선,37.511156,127.076917
4131,삼전,S1109,수도권  도시철도 9호선,37.504531,127.087211
4132,석촌고분,S1109,수도권  도시철도 9호선,37.502439,127.096611
4133,석촌,S1109,수도권  도시철도 9호선,37.505078,127.106944
4134,송파나루,S1109,수도권  도시철도 9호선,37.51055,127.112451
4135,한성백제,S1109,수도권  도시철도 9호선,37.516369,127.116211
4136,올림픽공원(한국체대),S1109,수도권  도시철도 9호선,37.516111,127.130333
4137,둔촌오륜,S1109,수도권  도시철도 9호선,37.519339,127.138619
4138,중앙보훈병원,S1109,수도권  도시철도 9호선,37.528807,127.148488
2111,용답,S1121,2호선,37.562066,127.05087863
2112,신답,S1121,2호선,37.569847,127.047048
2113,용두(동대문구청),S1121,2호선,37.574012,127.03811
2114,신설동,S1121,2호선,37.574653,127.025158
2341,도림천,S1122,2호선,37.5145589,126.882586
2342,양천구청,S1122,2호선,37.5123294,126.865593
2343,신정네거리,S1122,2호선,37.520218,126.852849
0095,다대포해수욕장,S2601,부산 도시철도 1호선,35.048229,128.965919
0096,다대포항,S2601,부산 도시철도 1호선,35.057288,128.971151
0097,낫개,S2601,부산 도시철도 1호선,35.065179,128.979702
0098,신장림,S2601,부산 도시철도 1호선,35.074222,128.976538
0099,장림,S2601,부산 도시철도 1호선,35.081555,128.9773083
0100,동매,S2601,부산 도시철도 1호선,35.089819,128.974029
0101,신평,S2601,부산 도시철도 1호선,35.09556,128.96056
0102,하단,S2601,부산 도시철도 1호선,35.10611,128.96667
0103,당리,S2601,부산 도시철도 1호선,35.10333,128.97417
0104,사하,S2601,부산 도시철도 1호선,35.09972,128.98333
0105,괴정,S2601,부산 도시철도 1호선,35.1,128.9925
0106,대티,S2601,부산 도시철도 1호선,35.10306,128.99972
0107,서대신,S2601,부산 도시철도 1호선,35.11083,129.01194
0108,동대신,S2601,부산 도시철도 1호선,35.11056,129.01757
0109,토성,S2601,부산 도시철도 1호선,35.10083,129.01972
0110,자갈치,S2601,부산 도시철도 1호선,35.0975,129.02694
0111,남포,S2601,부산 도시철도 1호선,35.09778,129.03472
0112,중앙,S2601,부산 도시철도 1호선,35.10389,129.03639
0113,부산역,S2601,부산 도시철도 1호선,35.11528,129.03972
0114,초량,S2601,부산 도시철도 1호선,35.12111,129.04296
0115,부산진,S2601,부산 도시철도 1호선,35.12778,129.04778
0116,좌천,S2601,부산 도시철도 1호선,35.13417,129.05417
0117,범일,S2601,부산 도시철도 1호선,35.14139,129.05944
0118,범내골,S2601,부산 도시철도 1호선,35.14722,129.05917
0119,서면,S2601,부산 도시철도 1호선,35.15778,129.05917
0120,부전,S2601,부산 도시철도 1호선,35.1625,129.06278
0121,양정,S2601,부산 도시철도 1호선,35.17304,129.07119
0122,시청(연제),S2601,부산 도시철도 1호선,35.17972,129.07667
0123,연산,S2601,부산 도시철도 1호선,35.18611,129.08167
0124,교대,S2601,부산 도시철도 1호선,35.19583,129.08
0125,동래,S2601,부산 도시철도 1호선,35.20556,129.078461
0126,명륜,S2601,부산 도시철도 1호선,35.21222,129.07944
0127,온천장,S2601,부산 도시철도 1호선,35.22056,129.08667
0128,부산대,S2601,부산 도시철도 1호선,35.23,129.08944
0129,장전,S2601,부산 도시철도 1호선,35.23806,129.08806
0130,구서,S2601,부산 도시철도 1호선,35.247407,129.091327
0131,두실,S2601,부산 도시철도 1호선,35.25694,129.09139
0132,남산,S2601,부산 도시철도 1호선,35.26528,129.0925
0133,범어사,S2601,부산 도시철도 1호선,35.27333,129.09268
0134,노포,S2601,부산 도시철도 1호선,35.28361,129.095
0201,장산,S2602,부산 도시철도 2호선,35.17,129.17694
0202,중동,S2602,부산 도시철도 2호선,35.16669,129.16887
0203,해운대,S2602,부산 도시철도 2호선,35.163518,129.158584
0204,동백,S2602,부산 도시철도 2호선,35.16147,129.147887
0205,벡스코,S2602,부산 도시철도 2호선,35.16911,129.138431
0206,센텀시티,S2602,부산 도시철도 2호선,35.16892,129.131764
0207,민락,S2602,부산 도시철도 2호선,35.16722,129.121878
0208,수영,S2602,부산 도시철도 2호선,35.16578,129.114842
0209,광안,S2602,부산 도시철도 2호선,35.15792,129.113197
0210,금련산,S2602,부산 도시철도 2호선,35.14989,129.111008
0211,남천,S2602,부산 도시철도 2호선,35.14217,129.10797
0212,경성대·부경대,S2602,부산 도시철도 2호선,35.13757,129.10055
0213,대연,S2602,부산 도시철도 2호선,35.13512,129.09218
0214,못골,S2602,부산 도시철도 2호선,35.13472,129.08442
0215,지게골,S2602,부산 도시철도 2호선,35.13558,129.07436
0216,문현,S2602,부산 도시철도 2호선,35.13911,129.06736
0217,국제금융센터·부산은행,S2602,부산 도시철도 2호선,35.14583,129.06672
0218,전포,S2602,부산 도시철도 2호선,35.15311,129.06533
0219,서면,S2602,부산 도시철도 2호선,35.15768,129.058517
0220,부암,S2602,부산 도시철도 2호선,35.15744,129.05019
0221,가야,S2602,부산 도시철도 2호선,35.15589,129.04283
0222,동의대,S2602,부산 도시철도 2호선,35.15411,129.0325
0223,개금,S2602,부산 도시철도 2호선,35.15325,129.02056
0224,냉정,S2602,부산 도시철도 2호선,35.15125,129.01228
0225,주례,S2602,부산 도시철도 2호선,35.1505,129.00306
0226,감전,S2602,부산 도시철도 2호선,35.15553,128.99114
0227,사상,S2602,부산 도시철도 2호선,35.16218,128.98467
0228,덕포,S2602,부산 도시철도 2호선,35.17378,128.98394
0229,모덕,S2602,부산 도시철도 2호선,35.18036,128.98561
0230,모라,S2602,부산 도시철도 2호선,35.18967,128.98864
0231,구남,S2602,부산 도시철도 2호선,35.19681,128.99492
0232,구명,S2602,부산 도시철도 2호선,35.20253,128.99931
0233,덕천,S2602,부산 도시철도 2호선,35.21011,129.00533
0234,수정,S2602,부산 도시철도 2호선,35.22336,129.00922
0235,화명,S2602,부산 도시철도 2호선,35.23585,129.01387
0236,율리,S2602,부산 도시철도 2호선,35.24672,129.01292
0237,동원,S2602,부산 도시철도 2호선,35.25864,129.01242
0238,금곡,S2602,부산 도시철도 2호선,35.26733,129.01686
0239,호포,S2602,부산 도시철도 2호선,35.281,129.017525
0240,증산,S2602,부산 도시철도 2호선,35.30828,129.01028
0241,부산대양산캠퍼스,S2602,부산 도시철도 2호선,35.31697,129.01383
0242,남양산,S2602,부산 도시철도 2호선,35.32533,129.01942
0243,양산,S2602,부산 도시철도 2호선,35.33851,129.02643
0301,수영,S2603,부산 도시철도 3호선,35.16775,129.11458
0302,망미,S2603,부산 도시철도 3호선,35.17153,129.10822
0303,배산,S2603,부산 도시철도 3호선,35.1735,129.0955
0304,물만골,S2603,부산 도시철도 3호선,35.17681,129.08575
0305,연산,S2603,부산 도시철도 3호선,35.18614,129.08147
0306,거제,S2603,부산 도시철도 3호선,35.18858,129.07394
0307,종합운동장,S2603,부산 도시철도 3호선,35.19125,129.0675
0308,사직,S2603,부산 도시철도 3호선,35.199,129.065
0309,미남,S2603,부산 도시철도 3호선,35.2055,129.06806
0310,만덕,S2603,부산 도시철도 3호선,35.213,129.0365
0311,남산정,S2603,부산 도시철도 3호선,35.21333,129.02392
0312,숙등,S2603,부산 도시철도 3호선,35.21197,129.01275
0313,덕천,S2603,부산 도시철도 3호선,35.210139,129.005545
0314,구포,S2603,부산 도시철도 3호선,35.20644,128.99631
0315,강서구청,S2603,부산 도시철도 3호선,35.21125,128.98175
0316,체육공원,S2603,부산 도시철도 3호선,35.21261,128.96894
0317,대저,S2603,부산 도시철도 3호선,35.21343,128.96074
0115,설화명곡,S2701,대구 도시철도 1호선,35.7986179,128.4893927
0116,화원,S2701,대구 도시철도 1호선,35.804349,128.500409
0117,대곡(정부대구청사),S2701,대구 도시철도 1호선,35.809571,128.51257
0118,진천,S2701,대구 도시철도 1호선,35.813815,128.522374
0119,월배,S2701,대구 도시철도 1호선,35.816123,128.530119
0120,상인,S2701,대구 도시철도 1호선,35.8188583,128.5375588
0121,월촌,S2701,대구 도시철도 1호선,35.823695,128.545465
0122,송현,S2701,대구 도시철도 1호선,35.831092,128.551755
0123,서부정류장(관문시장),S2701,대구 도시철도 1호선,35.8373375,128.5570702
0124,대명,S2701,대구 도시철도 1호선,35.8392924,128.5652846
0125,안지랑,S2701,대구 도시철도 1호선,35.8392,128.574
0126,현충로,S2701,대구 도시철도 1호선,35.84072,128.58085
0127,영대병원,S2701,대구 도시철도 1호선,35.8442516,128.5882407
0128,교대,S2701,대구 도시철도 1호선,35.8510953,128.590643
0129,명덕(2.28민주운동기념회관),S2701,대구 도시철도 1호선,35.857382,128.59088
0130,반월당,S2701,대구 도시철도 1호선,35.86389,128.593312
0131,중앙로,S2701,대구 도시철도 1호선,35.870873,128.593888
0132,대구역,S2701,대구 도시철도 1호선,35.876379,128.596919
0133,칠성시장,S2701,대구 도시철도 1호선,35.876159,128.604885
0134,신천(경북대입구),S2701,대구 도시철도 1호선,35.874527,128.617244
0135,동대구역,S2701,대구 도시철도 1호선,35.877626,128.627152
0136,동구청(큰고개),S2701,대구 도시철도 1호선,35.884485,128.632295
0137,아양교(대구국제공항입구),S2701,대구 도시철도 1호선,35.887208,128.639572
0138,동촌(동촌유원지),S2701,대구 도시철도 1호선,35.886039,128.650455
0139,해안,S2701,대구 도시철도 1호선,35.883765,128.659079
0140,방촌,S2701,대구 도시철도 1호선,35.879929,128.669767
0141,용계,S2701,대구 도시철도 1호선,35.876256,128.681414
0142,율하,S2701,대구 도시철도 1호선,35.869751,128.692775
0143,신기,S2701,대구 도시철도 1호선,35.866761,128.701724
0144,반야월,S2701,대구 도시철도 1호선,35.865948,128.713663
0145,각산,S2701,대구 도시철도 1호선,35.867852,128.723843
0146,안심(혁신도시·첨복단지),S2701,대구 도시철도 1호선,35.8712,128.7338
0147,대구한의대병원,S2701,대구 도시철도 1호선,35.8717089,128.7508237
0148,부호(경일대·호산대),S2701,대구 도시철도 1호선,35.9002809,128.8031144
0149,하양(대구가톨릭대),S2701,대구 도시철도 1호선,35.9094258,128.8175403
0216,문양,S2702,대구 도시철도 2호선,35.86414313,128.4370043
0217,다사,S2702,대구 도시철도 2호선,35.86495301,128.4582876
0218,대실,S2702,대구 도시철도 2호선,35.8573333,128.4656264
0219,강창,S2702,대구 도시철도 2호선,35.8531116,128.4789997
0220,계명대,S2702,대구 도시철도 2호선,35.85146491,128.491969
0221,성서산업단지,S2702,대구 도시철도 2호선,35.8518236,128.5071662
0222,이곡,S2702,대구 도시철도 2호선,35.85062003,128.5157686
0223,용산(서부법원․검찰청입구),S2702,대구 도시철도 2호선,35.84912,128.5287686
0224,죽전,S2702,대구 도시철도 2호선,35.8503505,128.537089
0225,감삼,S2702,대구 도시철도 2호선,35.8543251,128.547905
0226,두류,S2702,대구 도시철도 2호선,35.8572405,128.555509
0227,내당,S2702,대구 도시철도 2호선,35.860194,128.564593
0228,반고개,S2702,대구 도시철도 2호선,35.8623,128.572817
0229,청라언덕,S2702,대구 도시철도 2호선,35.865,128.58232271
0230,반월당,S2702,대구 도시철도 2호선,35.865592,128.593334
0231,경대병원,S2702,대구 도시철도 2호선,35.863102,128.60316
0232,대구은행(대구교육청),S2702,대구 도시철도 2호선,35.859868,128.613975
0233,범어,S2702,대구 도시철도 2호선,35.8591,128.6257
0234,수성구청(KBS),S2702,대구 도시철도 2호선,35.85874022,128.6359517
0235,만촌,S2702,대구 도시철도 2호선,35.858841,128.644951
0236,담티(수성대·대륜),S2702,대구 도시철도 2호선,35.854841,128.654151
0237,연호,S2702,대구 도시철도 2호선,35.8465,128.67185
0238,수성알파시티(삼성라이온즈파크),S2702,대구 도시철도 2호선,35.842718,128.67999
0239,고산,S2702,대구 도시철도 2호선,35.842955,128.69335
0240,신매,S2702,대구 도시철도 2호선,35.8408,128.705
0241,사월,S2702,대구 도시철도 2호선,35.837066,128.715173
0242,정평,S2702,대구 도시철도 2호선,35.83407,128.728695
0243,임당,S2702,대구 도시철도 2호선,35.834131,128.741076
0244,영남대,S2702,대구 도시철도 2호선,35.836373,128.752966
0312,칠곡경대병원,S2703,대구 도시철도 3호선,35.95838748,128.5598908
0313,학정,S2703,대구 도시철도 3호선,35.95155512,128.5591934
0314,팔거(국립농관원통계청),S2703,대구 도시철도 3호선,35.94404716,128.5583366
0315,동천,S2703,대구 도시철도 3호선,35.93770658,128.556683
0316,칠곡운암,S2703,대구 도시철도 3호선,35.93145534,128.5545305
0317,구암(과학대보건대입구),S2703,대구 도시철도 3호선,35.92574223,128.5503415
0318,태전,S2703,대구 도시철도 3호선,35.9196172,128.547388
0319,매천,S2703,대구 도시철도 3호선,35.91265,128.5434
0320,매천시장,S2703,대구 도시철도 3호선,35.90443,128.545755
0321,팔달,S2703,대구 도시철도 3호선,35.89777,128.5468
0322,공단,S2703,대구 도시철도 3호선,35.892,128.5536
0323,만평,S2703,대구 도시철도 3호선,35.889893,128.561002
0324,팔달시장,S2703,대구 도시철도 3호선,35.88883085,128.5678716
0325,원대,S2703,대구 도시철도 3호선,35.887886,128.574392
0326,"북구청
(대구iM뱅크파크)",S2703,대구 도시철도 3호선,35.88381395,128.5814483
0327,달성공원,S2703,대구 도시철도 3호선,35.87573001,128.5821218
0328,서문시장(동산병원),S2703,대구 도시철도 3호선,35.86966429,128.582241
0329,청라언덕(신남),S2703,대구 도시철도 3호선,35.86419437,128.5823758
0330,남산(계명네거리),S2703,대구 도시철도 3호선,35.85668979,128.5834576
0331,명덕(2·28민주운동기념회관),S2703,대구 도시철도 3호선,35.85694518,128.5900469
0332,건들바위,S2703,대구 도시철도 3호선,35.85538252,128.5996903
0333,대봉교,S2703,대구 도시철도 3호선,35.85499783,128.6063685
0334,수성시장,S2703,대구 도시철도 3호선,35.85431676,128.6160292
0335,수성구민운동장,S2703,대구 도시철도 3호선,35.85240979,128.6251246
0336,어린이세상,S2703,대구 도시철도 3호선,35.84516989,128.6244677
0337,황금,S2703,대구 도시철도 3호선,35.83907838,128.6239185
0338,수성못(TBC),S2703,대구 도시철도 3호선,35.83135605,128.6232167
0339,지산,S2703,대구 도시철도 3호선,35.82515322,128.6319513
0340,범물,S2703,대구 도시철도 3호선,35.82083917,128.6401127
0341,용지,S2703,대구 도시철도 3호선,35.8182678,128.6465345
3107,검단호수공원,S2801,인천지하철 1호선,37.6025,126.688056
3108,신검단중앙,S2801,인천지하철 1호선,37.6026,126.698611
3109,"아라(북부법원, 검찰청)",S2801,인천지하철 1호선,37.592222,126.713333
3110,계양,S2801,인천지하철 1호선,37.571539,126.736319
3111,귤현,S2801,인천지하철 1호선,37.566362,126.742498
3112,박촌,S2801,인천지하철 1호선,37.553525,126.744946
3113,임학,S2801,인천지하철 1호선,37.545058,126.738642
3114,계산,S2801,인천지하철 1호선,37.543243,126.728436
3115,경인교대입구,S2801,인천지하철 1호선,37.538272,126.722603
3116,작전,S2801,인천지하철 1호선,37.530271,126.722548
3117,갈산,S2801,인천지하철 1호선,37.517124,126.721566
3118,부평구청,S2801,인천지하철 1호선,37.508768,126.720547
3119,부평시장,S2801,인천지하철 1호선,37.498495,126.722282
3120,부평,S2801,인천지하철 1호선,37.490541,126.723437
3121,동수,S2801,인천지하철 1호선,37.485409,126.718464
3122,부평삼거리,S2801,인천지하철 1호선,37.478267,126.710494
3123,간석오거리,S2801,인천지하철 1호선,37.466921,126.707861
3124,인천시청,S2801,인천지하철 1호선,37.457615,126.702216
3125,예술회관,S2801,인천지하철 1호선,37.449334,126.700991
3126,인천터미널,S2801,인천지하철 1호선,37.441917,126.699727
3127,문학경기장,S2801,인천지하철 1호선,37.434964,126.698373
3128,선학,S2801,인천지하철 1호선,37.426985,126.698872
3129,신연수,S2801,인천지하철 1호선,37.418032,126.693853
3130,원인재,S2801,인천지하철 1호선,37.412364,126.687893
3131,동춘,S2801,인천지하철 1호선,37.404676,126.680835
3132,동막,S2801,인천지하철 1호선,37.398173,126.673561
3133,캠퍼스타운,S2801,인천지하철 1호선,37.388209,126.661985
3134,테크노파크,S2801,인천지하철 1호선,37.382311,126.656355
3135,지식정보단지,S2801,인천지하철 1호선,37.378021,126.645412
3136,인천대입구,S2801,인천지하철 1호선,37.386239,126.639351
3137,센트럴파크,S2801,인천지하철 1호선,37.392833,126.635002
3138,국제업무지구,S2801,인천지하철 1호선,37.400421,126.630105
3139,송도달빛축제공원,S2801,인천지하철 1호선,37.40687495,126.6260537
3201,검단오류,S2802,인천지하철 2호선,37.5950162,126.62801
3202,왕길,S2802,인천지하철 2호선,37.5950191,126.642284
3203,검단사거리,S2802,인천지하철 2호선,37.601693,126.656545
3204,마전,S2802,인천지하철 2호선,37.597756,126.667195
3205,완정,S2802,인천지하철 2호선,37.592867,126.672961
3206,독정,S2802,인천지하철 2호선,37.584927,126.675981
3207,검암,S2802,인천지하철 2호선,37.568611,126.675682
3208,검바위,S2802,인천지하철 2호선,37.561091,126.677529
3209,아시아드경기장,S2802,인천지하철 2호선,37.551373,126.677075
3210,서구청,S2802,인천지하철 2호선,37.543839,126.676795
3211,가정(루원시티),S2802,인천지하철 2호선,37.524805,126.675387
3212,가정중앙시장,S2802,인천지하철 2호선,37.517511,126.676784
3213,석남(거북시장),S2802,인천지하철 2호선,37.507211,126.676304
3214,서부여성회관,S2802,인천지하철 2호선,37.500298,126.675875
3215,인천가좌,S2802,인천지하철 2호선,37.489962,126.675284
3216,가재울,S2802,인천지하철 2호선,37.484152,126.683883
3217,주안국가산단,S2802,인천지하철 2호선,37.473599,126.681102
3218,주안,S2802,인천지하철 2호선,37.465234,126.679041
3219,시민공원,S2802,인천지하철 2호선,37.458339,126.6810091
3220,석바위시장,S2802,인천지하철 2호선,37.457659,126.692387
3221,인천시청,S2802,인천지하철 2호선,37.456904,126.701523
3222,석천사거리,S2802,인천지하철 2호선,37.4569323,126.710383
3223,모래내시장,S2802,인천지하철 2호선,37.455842,126.719578
3224,만수,S2802,인천지하철 2호선,37.454962,126.731764
3225,남동구청,S2802,인천지하철 2호선,37.448179,126.736581
3226,인천대공원,S2802,인천지하철 2호선,37.448475,126.753051
3227,운연,S2802,인천지하철 2호선,37.439533,126.759609
101,인천국제공항역,S28M1,자기부상철도,37.447222,126.4525
102,장기주차장역,S28M1,자기부상철도,37.44385,126.455671
103,합동청사역,S28M1,자기부상철도,37.440519,126.458654
104,파라다이스시티역,S28M1,자기부상철도,37.437217,126.459858
105,워터파크역,S28M1,자기부상철도,37.429227,126.434183
106,용유역,S28M1,자기부상철도,37.424805,126.423637
100,녹동,S2901,광주도시철도 1호선,35.107028,126.933932
101,소태,S2901,광주도시철도 1호선,35.124108,126.932013
102,학동증심사입구,S2901,광주도시철도 1호선,35.133023,126.928382
103,남광주,S2901,광주도시철도 1호선,35.1389849,126.92318
104,문화전당(구도청),S2901,광주도시철도 1호선,35.14661,126.92005
105,금남로4가,S2901,광주도시철도 1호선,35.150976,126.914446
106,금남로5가,S2901,광주도시철도 1호선,35.153658,126.910033
107,양동시장,S2901,광주도시철도 1호선,35.154176,126.901089
108,돌고개,S2901,광주도시철도 1호선,35.152047,126.895637
109,농성,S2901,광주도시철도 1호선,35.153363,126.883973
110,화정,S2901,광주도시철도 1호선,35.152085,126.876698
111,쌍촌,S2901,광주도시철도 1호선,35.151793,126.869519
112,운천,S2901,광주도시철도 1호선,35.150486,126.858694
113,상무,S2901,광주도시철도 1호선,35.146784,126.848641
114,김대중컨벤션센터(마륵),S2901,광주도시철도 1호선,35.143214,126.841442
115,공항,S2901,광주도시철도 1호선,35.144179,126.81153
116,송정공원,S2901,광주도시철도 1호선,35.143565,126.799245
117,광주송정역,S2901,광주도시철도 1호선,35.137529,126.791488
118,도산,S2901,광주도시철도 1호선,35.131713,126.787942
119,평동,S2901,광주도시철도 1호선,35.1247,126.769586
101,판암,S3001,대전 도시철도 1호선,36.316896,127.458264
102,신흥,S3001,대전 도시철도 1호선,36.319652,127.448792
103,대동,S3001,대전 도시철도 1호선,36.329532,127.442848
104,대전,S3001,대전 도시철도 1호선,36.331583,127.433118
105,중앙로,S3001,대전 도시철도 1호선,36.328664,127.425842
106,중구청,S3001,대전 도시철도 1호선,36.324831,127.419627
107,서대전네거리,S3001,대전 도시철도 1호선,36.322416,127.412518
108,오룡,S3001,대전 도시철도 1호선,36.328582,127.405046
109,용문,S3001,대전 도시철도 1호선,36.338252,127.393317
110,탄방,S3001,대전 도시철도 1호선,36.34544,127.384603
111,시청,S3001,대전 도시철도 1호선,36.351673,127.386739
112,정부청사,S3001,대전 도시철도 1호선,36.357661,127.381047
113,갈마,S3001,대전 도시철도 1호선,36.357522,127.372632
114,월평,S3001,대전 도시철도 1호선,36.358272,127.364382
115,갑천,S3001,대전 도시철도 1호선,36.354578,127.354467
116,유성온천,S3001,대전 도시철도 1호선,36.353689,127.341524
117,구암,S3001,대전 도시철도 1호선,36.356605,127.33083
118,현충원,S3001,대전 도시철도 1호선,36.359021,127.321525
119,월드컵경기장,S3001,대전 도시철도 1호선,36.366825,127.317859
120,노은,S3001,대전 도시철도 1호선,36.37415,127.317835
121,지족,S3001,대전 도시철도 1호선,36.384106,127.319501
122,반석,S3001,대전 도시철도 1호선,36.392128,127.314581
804,별내역,S4108,수도권 광역철도 8호선,37.642517,127.1273
805,다산역,S4108,수도권 광역철도 8호선,37.62437,127.1498
